"","indicator","men","women","diff","gap_pos"
"1","felt_lonely",0.142768061503002,0.208829529140468,-6.6061467637466,0.175798795321735
"2","worried_sleep",0.109617324299069,0.158014538454429,-4.83972141553598,0.133815931376749
"3","attempt_suicide",0.174698154893394,0.257174945422878,-8.24767905294836,0.215936550158136
